Month,LSTM_Forecast,SARIMA_Forecast
2025-10,94904.984,70647.9403693317
2025-11,103936.08,71641.25755694445
2025-12,112786.95,143272.2588106062
2026-01,82739.73,64484.643841205776
2026-02,76344.46,63600.344670217855
2026-03,70487.15,67077.27806877447
2026-04,60751.855,48717.45213009993
2026-05,62042.36,53866.97877468487
2026-06,63430.367,56017.580322355905
2026-07,66848.14,51236.66925641239
2026-08,73783.37,49874.950556634874
2026-09,83601.0,58873.30374753946
