Metric,Value
Mean,-3085.106527815974
Std Dev,45230.59786435933
Skewness,1.8171132648152275
Kurtosis,7.873775404567683
Shapiro-Wilk p-value,5.600272259000624e-08
Jarque-Bera p-value,5.247800941246242e-64
